id,Nombre,Ultima Fecha de Inicio de Sesion
1,User 1,2023-02-22 12:42:12.784184
2,User 2,2023-02-25 12:42:12.784184
3,User 3,2023-03-13 12:42:12.784184
4,User 4,2023-03-14 12:42:12.784184
5,User 5,2023-03-04 12:42:12.784184
6,User 6,2023-02-19 12:42:12.784184
7,User 7,2023-02-19 12:42:12.784184
8,User 8,2023-02-27 12:42:12.784184
9,User 9,2023-03-16 12:42:12.784184
10,User 10,2023-02-25 12:42:12.784184
11,User 11,2023-02-22 12:42:12.784184
12,User 12,2023-02-18 12:42:12.784184
13,User 13,2023-02-16 12:42:12.784184
14,User 14,2023-03-06 12:42:12.784184
15,User 15,2023-03-02 12:42:12.784184
16,User 16,2023-03-13 12:42:12.784184
17,User 17,2023-03-02 12:42:12.784184
18,User 18,2023-03-15 12:42:12.784184
19,User 19,2023-03-10 12:42:12.784184
20,User 20,2023-02-23 12:42:12.784184
21,User 21,2023-03-08 12:42:12.784184
22,User 22,2023-03-13 12:42:12.784184
23,User 23,2023-02-16 12:42:12.784184
24,User 24,2023-03-04 12:42:12.784184
25,User 25,2023-03-04 12:42:12.784184
26,User 26,2023-03-08 12:42:12.784184
27,User 27,2023-02-19 12:42:12.784184
28,User 28,2023-02-21 12:42:12.784184
29,User 29,2023-03-10 12:42:12.784184
30,User 30,2023-02-26 12:42:12.784184
