id,name,login_date,country
1,User 1,2023-04-18 16:40:06.762095,Germany
2,User 2,2023-04-11 16:40:06.762095,Spain
3,User 3,2023-04-19 16:40:06.762095,USA
4,User 4,2023-04-17 16:40:06.762095,USA
5,User 5,2023-04-11 16:40:06.762095,France
6,User 6,2023-04-18 16:40:06.762095,Japan
7,User 7,2023-03-27 16:40:06.762095,France
8,User 8,2023-03-29 16:40:06.762095,USA
9,User 9,2023-04-21 16:40:06.762095,Spain
10,User 10,2023-04-06 16:40:06.762095,Germany
11,User 11,2023-04-08 16:40:06.762095,Germany
12,User 12,2023-04-16 16:40:06.762095,Spain
13,User 13,2023-04-13 16:40:06.762095,Spain
14,User 14,2023-04-10 16:40:06.762095,Japan
15,User 15,2023-04-19 16:40:06.762095,Spain
16,User 16,2023-04-23 16:40:06.762095,Germany
17,User 17,2023-03-30 16:40:06.762095,USA
18,User 18,2023-04-19 16:40:06.762095,Germany
19,User 19,2023-04-08 16:40:06.762095,France
20,User 20,2023-04-06 16:40:06.762095,Japan
21,User 21,2023-04-14 16:40:06.762095,Japan
22,User 22,2023-04-19 16:40:06.762095,Japan
23,User 23,2023-04-08 16:40:06.762095,USA
24,User 24,2023-03-28 16:40:06.762095,Germany
25,User 25,2023-04-16 16:40:06.762095,Japan
26,User 26,2023-04-09 16:40:06.762095,USA
27,User 27,2023-04-23 16:40:06.762095,Japan
28,User 28,2023-04-12 16:40:06.762095,France
29,User 29,2023-04-24 16:40:06.762095,Spain
30,User 30,2023-04-17 16:40:06.762095,Germany
31,User 31,2023-04-01 16:40:06.762095,USA
32,User 32,2023-04-11 16:40:06.762095,Germany
33,User 33,2023-03-29 16:40:06.762095,France
34,User 34,2023-04-09 16:40:06.762095,Japan
35,User 35,2023-04-01 16:40:06.762095,Japan
36,User 36,2023-04-11 16:40:06.762095,Germany
37,User 37,2023-04-24 16:40:06.762095,USA
38,User 38,2023-04-04 16:40:06.762095,France
39,User 39,2023-04-05 16:40:06.762095,France
40,User 40,2023-04-18 16:40:06.762095,France
41,User 41,2023-04-19 16:40:06.762095,Spain
42,User 42,2023-04-22 16:40:06.762095,Germany
43,User 43,2023-04-18 16:40:06.762095,Germany
44,User 44,2023-04-13 16:40:06.762095,Japan
45,User 45,2023-04-11 16:40:06.762095,France
46,User 46,2023-04-01 16:40:06.763861,Japan
47,User 47,2023-04-08 16:40:06.763861,Germany
48,User 48,2023-03-29 16:40:06.763861,France
49,User 49,2023-03-29 16:40:06.763861,Japan
50,User 50,2023-03-30 16:40:06.763861,Japan
51,User 51,2023-04-15 16:40:06.763861,USA
52,User 52,2023-04-10 16:40:06.763861,USA
53,User 53,2023-04-12 16:40:06.763861,Germany
54,User 54,2023-04-14 16:40:06.763861,Japan
55,User 55,2023-04-03 16:40:06.763861,USA
56,User 56,2023-04-07 16:40:06.763861,Japan
57,User 57,2023-04-26 16:40:06.763861,Spain
58,User 58,2023-04-25 16:40:06.763861,Germany
59,User 59,2023-04-22 16:40:06.763861,Spain
60,User 60,2023-04-09 16:40:06.763861,Germany
61,User 61,2023-04-20 16:40:06.763861,Germany
62,User 62,2023-04-25 16:40:06.763861,France
63,User 63,2023-04-13 16:40:06.763861,Japan
64,User 64,2023-04-14 16:40:06.763861,France
65,User 65,2023-04-03 16:40:06.763861,Spain
66,User 66,2023-04-13 16:40:06.763861,France
67,User 67,2023-03-29 16:40:06.763861,France
68,User 68,2023-04-06 16:40:06.763861,France
69,User 69,2023-04-02 16:40:06.763861,France
70,User 70,2023-04-11 16:40:06.763861,USA
71,User 71,2023-04-12 16:40:06.763861,Spain
72,User 72,2023-03-30 16:40:06.763861,Japan
73,User 73,2023-03-30 16:40:06.763861,Japan
74,User 74,2023-04-10 16:40:06.763861,Germany
75,User 75,2023-04-18 16:40:06.763861,Japan
76,User 76,2023-04-08 16:40:06.763861,USA
77,User 77,2023-04-25 16:40:06.763861,Japan
78,User 78,2023-04-03 16:40:06.763861,Spain
79,User 79,2023-04-21 16:40:06.763861,Spain
80,User 80,2023-04-02 16:40:06.763861,France
81,User 81,2023-04-15 16:40:06.763861,USA
82,User 82,2023-04-10 16:40:06.763861,Germany
83,User 83,2023-03-31 16:40:06.763861,France
84,User 84,2023-04-21 16:40:06.763861,USA
85,User 85,2023-04-13 16:40:06.763861,Spain
86,User 86,2023-04-17 16:40:06.763861,France
87,User 87,2023-04-04 16:40:06.763861,USA
88,User 88,2023-04-13 16:40:06.763861,Spain
89,User 89,2023-04-16 16:40:06.763861,Spain
90,User 90,2023-03-29 16:40:06.763861,Spain
91,User 91,2023-04-03 16:40:06.763861,France
92,User 92,2023-04-23 16:40:06.763861,Germany
93,User 93,2023-04-17 16:40:06.763861,USA
94,User 94,2023-03-31 16:40:06.763861,France
95,User 95,2023-04-03 16:40:06.763861,USA
96,User 96,2023-04-09 16:40:06.763861,France
97,User 97,2023-04-13 16:40:06.763861,Spain
98,User 98,2023-04-11 16:40:06.763861,France
99,User 99,2023-04-06 16:40:06.763861,USA
100,User 100,2023-04-03 16:40:06.763861,Spain
101,User 101,2023-04-21 16:40:06.763861,Germany
102,User 102,2023-04-22 16:40:06.763861,Spain
103,User 103,2023-04-14 16:40:06.763861,Japan
104,User 104,2023-04-21 16:40:06.763861,USA
105,User 105,2023-03-28 16:40:06.763861,France
106,User 106,2023-04-12 16:40:06.763861,Japan
107,User 107,2023-04-04 16:40:06.763861,France
108,User 108,2023-04-25 16:40:06.763861,USA
109,User 109,2023-04-21 16:40:06.763861,Spain
110,User 110,2023-04-15 16:40:06.763861,Germany
111,User 111,2023-04-25 16:40:06.763861,France
112,User 112,2023-04-11 16:40:06.763861,Germany
113,User 113,2023-04-14 16:40:06.763861,Germany
114,User 114,2023-04-12 16:40:06.763861,USA
115,User 115,2023-04-24 16:40:06.763861,Japan
116,User 116,2023-04-23 16:40:06.763861,Germany
117,User 117,2023-04-05 16:40:06.763861,USA
118,User 118,2023-03-29 16:40:06.763861,Japan
119,User 119,2023-04-24 16:40:06.763861,USA
120,User 120,2023-04-08 16:40:06.763861,Germany
121,User 121,2023-03-28 16:40:06.763861,Germany
122,User 122,2023-04-25 16:40:06.763861,France
123,User 123,2023-04-19 16:40:06.763861,Germany
124,User 124,2023-04-14 16:40:06.763861,USA
125,User 125,2023-04-21 16:40:06.763861,Japan
126,User 126,2023-04-15 16:40:06.763861,USA
127,User 127,2023-03-29 16:40:06.763861,Japan
128,User 128,2023-04-01 16:40:06.763861,Spain
129,User 129,2023-04-26 16:40:06.763861,Spain
130,User 130,2023-04-10 16:40:06.763861,Germany
131,User 131,2023-04-23 16:40:06.763861,Japan
132,User 132,2023-04-12 16:40:06.763861,Japan
133,User 133,2023-04-02 16:40:06.763861,Spain
134,User 134,2023-04-11 16:40:06.763861,France
135,User 135,2023-04-23 16:40:06.763861,Spain
136,User 136,2023-04-21 16:40:06.763861,France
137,User 137,2023-04-04 16:40:06.763861,Spain
138,User 138,2023-04-11 16:40:06.764191,Japan
139,User 139,2023-04-14 16:40:06.764191,Japan
140,User 140,2023-04-19 16:40:06.764191,Spain
141,User 141,2023-04-10 16:40:06.764191,Japan
142,User 142,2023-04-26 16:40:06.764191,Japan
143,User 143,2023-04-05 16:40:06.764191,USA
144,User 144,2023-04-20 16:40:06.764191,USA
145,User 145,2023-04-17 16:40:06.764191,Japan
146,User 146,2023-03-30 16:40:06.764191,Spain
147,User 147,2023-04-20 16:40:06.764191,Germany
148,User 148,2023-04-21 16:40:06.764191,USA
149,User 149,2023-03-28 16:40:06.764191,Japan
150,User 150,2023-04-23 16:40:06.764191,USA
151,User 151,2023-04-12 16:40:06.764191,USA
152,User 152,2023-04-16 16:40:06.764191,Germany
153,User 153,2023-03-31 16:40:06.764191,USA
154,User 154,2023-04-19 16:40:06.764191,France
155,User 155,2023-04-07 16:40:06.764191,Spain
156,User 156,2023-03-27 16:40:06.764191,Japan
157,User 157,2023-03-29 16:40:06.764191,Germany
158,User 158,2023-04-12 16:40:06.764191,Japan
159,User 159,2023-04-25 16:40:06.764191,Germany
160,User 160,2023-04-18 16:40:06.764191,USA
161,User 161,2023-04-11 16:40:06.764191,Japan
162,User 162,2023-04-17 16:40:06.764191,Spain
163,User 163,2023-04-14 16:40:06.764191,Germany
164,User 164,2023-04-14 16:40:06.764191,Japan
165,User 165,2023-04-11 16:40:06.764191,Spain
166,User 166,2023-04-08 16:40:06.764191,USA
167,User 167,2023-03-27 16:40:06.764191,USA
168,User 168,2023-04-16 16:40:06.764191,Spain
169,User 169,2023-03-27 16:40:06.764191,USA
170,User 170,2023-04-05 16:40:06.764191,Japan
171,User 171,2023-03-29 16:40:06.764191,Japan
172,User 172,2023-04-12 16:40:06.764191,Japan
173,User 173,2023-04-15 16:40:06.764191,Japan
174,User 174,2023-04-08 16:40:06.764191,Spain
175,User 175,2023-03-31 16:40:06.764191,Spain
176,User 176,2023-04-16 16:40:06.764191,Germany
177,User 177,2023-04-06 16:40:06.764191,France
178,User 178,2023-04-24 16:40:06.764191,USA
179,User 179,2023-04-10 16:40:06.764191,Germany
180,User 180,2023-03-30 16:40:06.764191,Japan
181,User 181,2023-04-02 16:40:06.764191,Germany
182,User 182,2023-04-07 16:40:06.764191,Japan
183,User 183,2023-04-18 16:40:06.764191,Germany
184,User 184,2023-03-29 16:40:06.764191,Spain
185,User 185,2023-04-10 16:40:06.764191,Germany
186,User 186,2023-04-02 16:40:06.764191,Spain
187,User 187,2023-03-27 16:40:06.764191,Spain
188,User 188,2023-04-01 16:40:06.764191,Japan
189,User 189,2023-03-31 16:40:06.764191,USA
190,User 190,2023-04-13 16:40:06.764191,USA
191,User 191,2023-04-14 16:40:06.764191,Spain
192,User 192,2023-03-29 16:40:06.764191,Germany
193,User 193,2023-04-03 16:40:06.764191,Spain
194,User 194,2023-04-26 16:40:06.764191,Germany
195,User 195,2023-04-11 16:40:06.764191,Japan
196,User 196,2023-03-29 16:40:06.764191,Japan
197,User 197,2023-04-23 16:40:06.764191,Germany
198,User 198,2023-04-22 16:40:06.764191,Japan
199,User 199,2023-04-01 16:40:06.764191,USA
200,User 200,2023-04-18 16:40:06.764191,France
201,User 201,2023-04-03 16:40:06.764191,Germany
202,User 202,2023-04-17 16:40:06.764191,Spain
203,User 203,2023-03-29 16:40:06.764191,USA
204,User 204,2023-03-30 16:40:06.764191,Germany
205,User 205,2023-04-20 16:40:06.764191,USA
206,User 206,2023-03-28 16:40:06.764191,Germany
207,User 207,2023-04-10 16:40:06.764191,Spain
208,User 208,2023-03-28 16:40:06.764191,Germany
209,User 209,2023-03-28 16:40:06.764191,Germany
210,User 210,2023-04-06 16:40:06.764191,Spain
211,User 211,2023-04-01 16:40:06.764191,USA
212,User 212,2023-03-27 16:40:06.764191,USA
213,User 213,2023-03-29 16:40:06.764191,Germany
214,User 214,2023-04-13 16:40:06.764191,USA
215,User 215,2023-04-15 16:40:06.764191,Spain
216,User 216,2023-04-06 16:40:06.764191,Japan
217,User 217,2023-04-24 16:40:06.764191,USA
218,User 218,2023-04-06 16:40:06.764191,USA
219,User 219,2023-04-01 16:40:06.764191,France
220,User 220,2023-04-21 16:40:06.764191,Spain
221,User 221,2023-04-06 16:40:06.764191,USA
222,User 222,2023-04-06 16:40:06.764191,France
223,User 223,2023-04-23 16:40:06.764191,Japan
224,User 224,2023-04-26 16:40:06.764191,Spain
225,User 225,2023-04-05 16:40:06.764191,Spain
226,User 226,2023-03-30 16:40:06.764191,Germany
227,User 227,2023-04-07 16:40:06.764191,USA
228,User 228,2023-04-04 16:40:06.764191,Japan
229,User 229,2023-04-03 16:40:06.764191,USA
230,User 230,2023-04-17 16:40:06.764191,Spain
231,User 231,2023-04-19 16:40:06.764191,Spain
232,User 232,2023-04-18 16:40:06.764191,France
233,User 233,2023-04-04 16:40:06.764191,Spain
234,User 234,2023-04-25 16:40:06.764191,France
235,User 235,2023-04-16 16:40:06.764191,USA
236,User 236,2023-04-06 16:40:06.764191,France
237,User 237,2023-04-12 16:40:06.764191,USA
238,User 238,2023-04-08 16:40:06.764191,France
239,User 239,2023-04-03 16:40:06.764191,Japan
240,User 240,2023-04-25 16:40:06.764191,USA
241,User 241,2023-04-01 16:40:06.764191,Spain
242,User 242,2023-04-15 16:40:06.764191,Germany
243,User 243,2023-04-13 16:40:06.764191,Japan
244,User 244,2023-04-16 16:40:06.764191,France
245,User 245,2023-04-01 16:40:06.764191,Germany
246,User 246,2023-03-30 16:40:06.764191,Germany
247,User 247,2023-03-31 16:40:06.764191,Japan
248,User 248,2023-04-02 16:40:06.764191,Germany
249,User 249,2023-04-18 16:40:06.764191,Japan
250,User 250,2023-04-05 16:40:06.764191,Germany
251,User 251,2023-03-30 16:40:06.764191,Japan
252,User 252,2023-04-06 16:40:06.764191,Spain
253,User 253,2023-04-24 16:40:06.764191,USA
254,User 254,2023-04-25 16:40:06.764191,Germany
255,User 255,2023-04-25 16:40:06.764191,Japan
256,User 256,2023-04-15 16:40:06.764191,Japan
257,User 257,2023-04-22 16:40:06.764191,France
258,User 258,2023-04-15 16:40:06.764191,France
259,User 259,2023-04-11 16:40:06.764191,Germany
260,User 260,2023-03-28 16:40:06.764191,France
261,User 261,2023-04-18 16:40:06.764191,France
262,User 262,2023-04-18 16:40:06.764191,France
263,User 263,2023-04-26 16:40:06.764191,USA
264,User 264,2023-04-15 16:40:06.764191,Germany
265,User 265,2023-04-24 16:40:06.764191,Germany
266,User 266,2023-04-26 16:40:06.764191,USA
267,User 267,2023-04-21 16:40:06.764191,Spain
268,User 268,2023-04-18 16:40:06.764191,USA
269,User 269,2023-04-17 16:40:06.764191,Spain
270,User 270,2023-04-24 16:40:06.764191,Spain
271,User 271,2023-04-13 16:40:06.764191,Germany
272,User 272,2023-04-17 16:40:06.764191,France
273,User 273,2023-04-26 16:40:06.764191,Spain
274,User 274,2023-04-11 16:40:06.764191,Spain
275,User 275,2023-04-12 16:40:06.764191,Spain
276,User 276,2023-04-09 16:40:06.764191,USA
277,User 277,2023-03-30 16:40:06.764191,Japan
278,User 278,2023-04-24 16:40:06.764191,Germany
279,User 279,2023-04-19 16:40:06.764191,Spain
280,User 280,2023-04-04 16:40:06.764191,France
281,User 281,2023-03-28 16:40:06.764191,Spain
282,User 282,2023-04-01 16:40:06.764191,Spain
283,User 283,2023-04-03 16:40:06.764191,Spain
284,User 284,2023-04-04 16:40:06.764191,USA
285,User 285,2023-04-13 16:40:06.764191,France
286,User 286,2023-04-01 16:40:06.764191,France
287,User 287,2023-03-29 16:40:06.764191,Spain
288,User 288,2023-04-20 16:40:06.764191,Japan
289,User 289,2023-04-04 16:40:06.764191,Spain
290,User 290,2023-03-31 16:40:06.764191,France
291,User 291,2023-04-12 16:40:06.764191,France
292,User 292,2023-04-15 16:40:06.764191,USA
293,User 293,2023-03-31 16:40:06.764191,Spain
294,User 294,2023-04-20 16:40:06.764191,Japan
295,User 295,2023-04-16 16:40:06.764191,Germany
296,User 296,2023-03-30 16:40:06.764191,Japan
297,User 297,2023-03-30 16:40:06.764191,France
298,User 298,2023-04-02 16:40:06.764191,Japan
299,User 299,2023-04-01 16:40:06.764191,France
300,User 300,2023-04-07 16:40:06.764191,Germany
